CREATE EXTENSION IF NOT EXISTS pgcrypto;

-- Users
INSERT INTO users (id, email, password_hash) VALUES
  (1, 'user1@example.com', crypt('password', gen_salt('bf'))),
  (2, 'user2@example.com', crypt('password', gen_salt('bf'))),
  (3, 'user3@example.com', crypt('password', gen_salt('bf'))),
  (4, 'user4@example.com', crypt('password', gen_salt('bf'))),
  (5, 'user5@example.com', crypt('password', gen_salt('bf'))),
  (6, 'user6@example.com', crypt('password', gen_salt('bf'))),
  (7, 'user7@example.com', crypt('password', gen_salt('bf'))),
  (8, 'user8@example.com', crypt('password', gen_salt('bf'))),
  (9, 'user9@example.com', crypt('password', gen_salt('bf'))),
  (10, 'user10@example.com', crypt('password', gen_salt('bf')));

-- Companies
INSERT INTO companies (id, name, industry, description) VALUES
  (1, 'Acme Corp', 'Manufacturing', 'Leading manufacturer of widgets'),
  (2, 'Beta LLC', 'Consulting', 'Business consulting services'),
  (3, 'Company 3', 'Industry', 'Company 3 description'),
  (4, 'Company 4', 'Industry', 'Company 4 description'),
  (5, 'Company 5', 'Industry', 'Company 5 description'),
  (6, 'Company 6', 'Industry', 'Company 6 description'),
  (7, 'Company 7', 'Industry', 'Company 7 description'),
  (8, 'Company 8', 'Industry', 'Company 8 description'),
  (9, 'Company 9', 'Industry', 'Company 9 description'),
  (10, 'Company 10', 'Industry', 'Company 10 description'),
  (11, 'Company 11', 'Industry', 'Company 11 description'),
  (12, 'Company 12', 'Industry', 'Company 12 description'),
  (13, 'Company 13', 'Industry', 'Company 13 description'),
  (14, 'Company 14', 'Industry', 'Company 14 description'),
  (15, 'Company 15', 'Industry', 'Company 15 description'),
  (16, 'Company 16', 'Industry', 'Company 16 description'),
  (17, 'Company 17', 'Industry', 'Company 17 description'),
  (18, 'Company 18', 'Industry', 'Company 18 description'),
  (19, 'Company 19', 'Industry', 'Company 19 description'),
  (20, 'Company 20', 'Industry', 'Company 20 description'),
  (21, 'Company 21', 'Industry', 'Company 21 description'),
  (22, 'Company 22', 'Industry', 'Company 22 description'),
  (23, 'Company 23', 'Industry', 'Company 23 description'),
  (24, 'Company 24', 'Industry', 'Company 24 description'),
  (25, 'Company 25', 'Industry', 'Company 25 description'),
  (26, 'Company 26', 'Industry', 'Company 26 description'),
  (27, 'Company 27', 'Industry', 'Company 27 description'),
  (28, 'Company 28', 'Industry', 'Company 28 description'),
  (29, 'Company 29', 'Industry', 'Company 29 description'),
  (30, 'Company 30', 'Industry', 'Company 30 description'),
  (31, 'Company 31', 'Industry', 'Company 31 description'),
  (32, 'Company 32', 'Industry', 'Company 32 description'),
  (33, 'Company 33', 'Industry', 'Company 33 description'),
  (34, 'Company 34', 'Industry', 'Company 34 description'),
  (35, 'Company 35', 'Industry', 'Company 35 description'),
  (36, 'Company 36', 'Industry', 'Company 36 description'),
  (37, 'Company 37', 'Industry', 'Company 37 description'),
  (38, 'Company 38', 'Industry', 'Company 38 description'),
  (39, 'Company 39', 'Industry', 'Company 39 description'),
  (40, 'Company 40', 'Industry', 'Company 40 description'),
  (41, 'Company 41', 'Industry', 'Company 41 description'),
  (42, 'Company 42', 'Industry', 'Company 42 description'),
  (43, 'Company 43', 'Industry', 'Company 43 description'),
  (44, 'Company 44', 'Industry', 'Company 44 description'),
  (45, 'Company 45', 'Industry', 'Company 45 description'),
  (46, 'Company 46', 'Industry', 'Company 46 description'),
  (47, 'Company 47', 'Industry', 'Company 47 description'),
  (48, 'Company 48', 'Industry', 'Company 48 description'),
  (49, 'Company 49', 'Industry', 'Company 49 description'),
  (50, 'Company 50', 'Industry', 'Company 50 description'),
  (51, 'Sigma Tech', 'Technology', 'Tech solutions provider'),
  (52, 'Delta Foods', 'Food', 'Food distributor'),
  (53, 'Omega Health', 'Healthcare', 'Healthcare services'),
  (54, 'Alpha Retail', 'Retail', 'Retail chain'),
  (55, 'Beta Energy', 'Energy', 'Energy provider'),
  (56, 'Gamma Logistics', 'Logistics', 'Logistics company'),
  (57, 'Theta Media', 'Media', 'Media agency'),
  (58, 'Zeta Finance', 'Finance', 'Financial services'),
  (59, 'Eta Design', 'Design', 'Design studio'),
  (60, 'Kappa Consulting', 'Consulting', 'Consulting firm');

-- New mapping table
INSERT INTO user_company_map (user_id, company_id) VALUES
  (1, 1),
  (2, 2),
  (3, 51),
  (4, 52),
  (5, 53),
  (6, 54),
  (7, 55),
  (8, 56),
  (9, 57),
  (10, 58),
  (3, 59),
  (4, 60);

-- Goods and Services
INSERT INTO goods_and_services (id, company_id, name) VALUES
  (1, 1, 'Widgets'),
  (2, 1, 'Gadgets'),
  (3, 2, 'Cloud Hosting'),
  (4, 2, 'AI Consulting'),
  (5, 3, 'Parts'),
  (6, 3, 'Assembly'),
  (7, 4, 'Security'),
  (8, 4, 'Networking'),
  (9, 5, 'Logistics'),
  (10, 5, 'Warehousing'),
  (11, 6, 'Strategy'),
  (12, 6, 'Operations'),
  (13, 7, 'Retail'),
  (14, 7, 'E-commerce'),
  (15, 8, 'Solar'),
  (16, 8, 'Wind'),
  (17, 9, 'Groceries'),
  (18, 9, 'Delivery'),
  (19, 10, 'Healthcare'),
  (20, 10, 'Pharmacy'),
  (21, 11, 'Media'),
  (22, 11, 'Advertising'),
  (23, 12, 'Banking'),
  (24, 12, 'Investments'),
  (25, 13, 'Transport'),
  (26, 13, 'Logistics'),
  (27, 14, 'Construction'),
  (28, 14, 'Engineering'),
  (29, 15, 'Interior Design'),
  (30, 15, 'Architecture'),
  (31, 16, 'Cybersecurity'),
  (32, 16, 'Surveillance'),
  (33, 17, 'Sports Equipment'),
  (34, 17, 'Training'),
  (35, 18, 'Travel'),
  (36, 18, 'Tourism'),
  (37, 19, 'Event Planning'),
  (38, 19, 'Catering'),
  (39, 20, 'Online Courses'),
  (40, 20, 'Tutoring'),
  (41, 21, 'Biotech'),
  (42, 21, 'Research'),
  (43, 22, 'Fashion'),
  (44, 22, 'Accessories'),
  (45, 23, 'Art'),
  (46, 23, 'Exhibitions'),
  (47, 24, 'Publishing'),
  (48, 24, 'Editing'),
  (49, 25, 'Consulting'),
  (50, 25, 'Business Analysis'),
  (51, 26, 'Industry Service 1'),
  (52, 26, 'Industry Service 2'),
  (53, 27, 'Industry Service 1'),
  (54, 27, 'Industry Service 2'),
  (55, 28, 'Industry Service 1'),
  (56, 28, 'Industry Service 2'),
  (57, 29, 'Industry Service 1'),
  (58, 29, 'Industry Service 2'),
  (59, 30, 'Industry Service 1'),
  (60, 30, 'Industry Service 2'),
  (61, 31, 'Industry Service 1'),
  (62, 31, 'Industry Service 2'),
  (63, 32, 'Industry Service 1'),
  (64, 32, 'Industry Service 2'),
  (65, 33, 'Industry Service 1'),
  (66, 33, 'Industry Service 2'),
  (67, 34, 'Industry Service 1'),
  (68, 34, 'Industry Service 2'),
  (69, 35, 'Industry Service 1'),
  (70, 35, 'Industry Service 2'),
  (71, 36, 'Industry Service 1'),
  (72, 36, 'Industry Service 2'),
  (73, 37, 'Industry Service 1'),
  (74, 37, 'Industry Service 2'),
  (75, 38, 'Industry Service 1'),
  (76, 38, 'Industry Service 2'),
  (77, 39, 'Industry Service 1'),
  (78, 39, 'Industry Service 2'),
  (79, 40, 'Industry Service 1'),
  (80, 40, 'Industry Service 2'),
  (81, 41, 'Industry Service 1'),
  (82, 41, 'Industry Service 2'),
  (83, 42, 'Industry Service 1'),
  (84, 42, 'Industry Service 2'),
  (85, 43, 'Industry Service 1'),
  (86, 43, 'Industry Service 2'),
  (87, 44, 'Industry Service 1'),
  (88, 44, 'Industry Service 2'),
  (89, 45, 'Industry Service 1'),
  (90, 45, 'Industry Service 2'),
  (91, 46, 'Industry Service 1'),
  (92, 46, 'Industry Service 2'),
  (93, 47, 'Industry Service 1'),
  (94, 47, 'Industry Service 2'),
  (95, 48, 'Industry Service 1'),
  (96, 48, 'Industry Service 2'),
  (97, 49, 'Industry Service 1'),
  (98, 49, 'Industry Service 2'),
  (99, 50, 'Industry Service 1'),
  (100, 50, 'Industry Service 2'),
  (101, 51, 'Cloud Services'),
  (102, 51, 'IT Support'),
  (103, 52, 'Catering'),
  (104, 52, 'Wholesale'),
  (105, 53, 'Medical Devices'),
  (106, 53, 'Pharmacy'),
  (107, 54, 'E-commerce'),
  (108, 54, 'In-store Sales'),
  (109, 55, 'Solar Power'),
  (110, 55, 'Wind Power'),
  (111, 56, 'Freight'),
  (112, 56, 'Warehousing'),
  (113, 57, 'Advertising'),
  (114, 57, 'Content Creation'),
  (115, 58, 'Loans'),
  (116, 58, 'Investments'),
  (117, 59, 'Branding'),
  (118, 59, 'UX/UI Design'),
  (119, 60, 'Strategy'),
  (120, 60, 'Operations');

-- Tenders
INSERT INTO tenders (id, company_id, title, description, deadline, budget) VALUES
  (1, 1, 'Widget Supply', 'Need widget suppliers.', '2025-12-31', 50000),
  (2, 2, 'AI Platform', 'Seeking AI platform proposals.', '2025-11-30', 120000),
  (3, 3, 'Parts Procurement', 'Looking for parts suppliers.', '2025-10-15', 30000),
  (4, 4, 'Security Upgrade', 'Upgrade security systems.', '2025-09-01', 40000),
  (5, 5, 'Logistics Contract', 'Logistics for new plant.', '2025-08-20', 35000),
  (6, 6, 'Strategy Consulting', 'Business strategy advice.', '2025-07-15', 60000),
  (7, 7, 'Retail Expansion', 'Expand retail presence.', '2025-06-10', 45000),
  (8, 8, 'Renewable Energy', 'Solar and wind project.', '2025-05-05', 80000),
  (9, 9, 'Food Delivery', 'Expand food delivery.', '2025-04-01', 25000),
  (10, 10, 'Healthcare App', 'Develop healthcare app.', '2025-03-15', 70000),
  (11, 11, 'Media Campaign', 'Launch media campaign.', '2025-02-10', 55000),
  (12, 12, 'Investment Platform', 'Build investment platform.', '2025-01-05', 90000),
  (13, 13, 'Transport Fleet', 'Expand transport fleet.', '2024-12-01', 65000),
  (14, 14, 'Construction Project', 'New office building.', '2024-11-15', 110000),
  (15, 15, 'Design Contract', 'Office design project.', '2024-10-10', 30000),
  (16, 16, 'Cybersecurity Audit', 'Audit security systems.', '2024-09-05', 50000),
  (17, 17, 'Sports Event', 'Organize sports event.', '2024-08-01', 20000),
  (18, 18, 'Travel Booking', 'Corporate travel booking.', '2024-07-15', 40000),
  (19, 19, 'Event Management', 'Manage annual event.', '2024-06-10', 35000),
  (20, 20, 'Online Course', 'Develop online course.', '2024-05-05', 15000),
  (21, 21, 'Biotech Research', 'Research project.', '2024-04-01', 120000),
  (22, 22, 'Fashion Show', 'Organize fashion show.', '2024-03-15', 25000),
  (23, 23, 'Art Exhibition', 'Host art exhibition.', '2024-02-10', 18000),
  (24, 24, 'Book Publishing', 'Publish new book.', '2024-01-05', 22000),
  (25, 25, 'Business Analysis', 'Business analysis project.', '2023-12-01', 40000),
  (26, 26, 'Industry Tender 1', 'Tender for company 26.', '2023-11-15', 30000),
  (27, 27, 'Industry Tender 2', 'Tender for company 27.', '2023-10-10', 35000),
  (28, 28, 'Industry Tender 3', 'Tender for company 28.', '2023-09-05', 32000),
  (29, 29, 'Industry Tender 4', 'Tender for company 29.', '2023-08-01', 31000),
  (30, 30, 'Industry Tender 5', 'Tender for company 30.', '2023-07-15', 33000),
  (31, 31, 'Industry Tender 6', 'Tender for company 31.', '2023-06-10', 34000),
  (32, 32, 'Industry Tender 7', 'Tender for company 32.', '2023-05-05', 36000),
  (33, 33, 'Industry Tender 8', 'Tender for company 33.', '2023-04-01', 37000),
  (34, 34, 'Industry Tender 9', 'Tender for company 34.', '2023-03-15', 38000),
  (35, 35, 'Industry Tender 10', 'Tender for company 35.', '2023-02-10', 39000),
  (36, 36, 'Industry Tender 11', 'Tender for company 36.', '2023-01-05', 40000),
  (37, 37, 'Industry Tender 12', 'Tender for company 37.', '2022-12-01', 41000),
  (38, 38, 'Industry Tender 13', 'Tender for company 38.', '2022-11-15', 42000),
  (39, 39, 'Industry Tender 14', 'Tender for company 39.', '2022-10-10', 43000),
  (40, 40, 'Industry Tender 15', 'Tender for company 40.', '2022-09-05', 44000),
  (41, 41, 'Industry Tender 16', 'Tender for company 41.', '2022-08-01', 45000),
  (42, 42, 'Industry Tender 17', 'Tender for company 42.', '2022-07-15', 46000),
  (43, 43, 'Industry Tender 18', 'Tender for company 43.', '2022-06-10', 47000),
  (44, 44, 'Industry Tender 19', 'Tender for company 44.', '2022-05-05', 48000),
  (45, 45, 'Industry Tender 20', 'Tender for company 45.', '2022-04-01', 49000),
  (46, 46, 'Industry Tender 21', 'Tender for company 46.', '2022-03-15', 50000),
  (47, 47, 'Industry Tender 22', 'Tender for company 47.', '2022-02-10', 51000),
  (48, 48, 'Industry Tender 23', 'Tender for company 48.', '2022-01-05', 52000),
  (49, 49, 'Industry Tender 24', 'Tender for company 49.', '2021-12-01', 53000),
  (50, 50, 'Industry Tender 25', 'Tender for company 50.', '2021-11-15', 54000),
  (51, 51, 'Tech Upgrade', 'Upgrade IT infrastructure.', '2026-01-01', 100000),
  (52, 52, 'Food Supply', 'Supply food for events.', '2026-02-01', 20000),
  (53, 53, 'Healthcare App', 'Develop a healthcare app.', '2026-03-01', 50000),
  (54, 54, 'Retail Expansion', 'Open new retail stores.', '2026-04-01', 75000),
  (55, 55, 'Green Energy', 'Install solar panels.', '2026-05-01', 120000),
  (56, 56, 'Logistics Contract', 'Manage logistics for new plant.', '2026-06-01', 40000),
  (57, 57, 'Media Campaign', 'Launch new media campaign.', '2026-07-01', 30000),
  (58, 58, 'Financial Audit', 'Audit financial statements.', '2026-08-01', 25000),
  (59, 59, 'Rebranding', 'Rebrand company image.', '2026-09-01', 35000),
  (60, 60, 'Business Consulting', 'Consulting for business growth.', '2026-10-01', 60000),
  (61, 51, 'Cloud Migration', 'Migrate to cloud.', '2026-11-01', 80000),
  (62, 52, 'Event Catering', 'Catering for annual event.', '2026-12-01', 15000),
  (63, 53, 'Medical Equipment', 'Procure new medical equipment.', '2027-01-01', 90000),
  (64, 54, 'Online Store', 'Develop online store.', '2027-02-01', 40000),
  (65, 55, 'Wind Farm', 'Build wind farm.', '2027-03-01', 130000),
  (66, 56, 'Warehouse Expansion', 'Expand warehouse capacity.', '2027-04-01', 50000),
  (67, 57, 'Content Series', 'Produce content series.', '2027-05-01', 20000),
  (68, 58, 'Investment Platform', 'Develop investment platform.', '2027-06-01', 70000),
  (69, 59, 'UX Redesign', 'Redesign user experience.', '2027-07-01', 30000),
  (70, 60, 'Market Research', 'Conduct market research.', '2027-08-01', 25000);

-- Applications
INSERT INTO applications (id, tender_id, company_id, proposal) VALUES
  (1, 1, 2, 'Globex can supply widgets.'),
  (2, 2, 1, 'Acme can build your AI platform.'),
  (3, 3, 2, 'Globex can supply parts.'),
  (4, 4, 1, 'Acme can upgrade security.'),
  (5, 5, 2, 'Globex can handle logistics.'),
  (6, 6, 1, 'Acme can consult on strategy.'),
  (7, 7, 2, 'Globex can expand retail.'),
  (8, 8, 1, 'Acme can deliver renewable energy.'),
  (9, 9, 2, 'Globex can expand food delivery.'),
  (10, 10, 1, 'Acme can develop healthcare app.'),
  (11, 11, 2, 'Globex can launch media campaign.'),
  (12, 12, 1, 'Acme can build investment platform.'),
  (13, 13, 2, 'Globex can expand transport.'),
  (14, 14, 1, 'Acme can build office.'),
  (15, 15, 2, 'Globex can design office.'),
  (16, 16, 1, 'Acme can audit security.'),
  (17, 17, 2, 'Globex can organize sports event.'),
  (18, 18, 1, 'Acme can book travel.'),
  (19, 19, 2, 'Globex can manage event.'),
  (20, 20, 1, 'Acme can develop course.'),
  (21, 21, 2, 'Globex can do biotech research.'),
  (22, 22, 1, 'Acme can organize fashion show.'),
  (23, 23, 2, 'Globex can host art exhibition.'),
  (24, 24, 1, 'Acme can publish book.'),
  (25, 25, 2, 'Globex can analyze business.'),
  (26, 26, 1, 'Acme can do industry tender 1.'),
  (27, 27, 2, 'Globex can do industry tender 2.'),
  (28, 28, 1, 'Acme can do industry tender 3.'),
  (29, 29, 2, 'Globex can do industry tender 4.'),
  (30, 30, 1, 'Acme can do industry tender 5.'),
  (31, 31, 2, 'Globex can do industry tender 6.'),
  (32, 32, 1, 'Acme can do industry tender 7.'),
  (33, 33, 2, 'Globex can do industry tender 8.'),
  (34, 34, 1, 'Acme can do industry tender 9.'),
  (35, 35, 2, 'Globex can do industry tender 10.'),
  (36, 36, 1, 'Acme can do industry tender 11.'),
  (37, 37, 2, 'Globex can do industry tender 12.'),
  (38, 38, 1, 'Acme can do industry tender 13.'),
  (39, 39, 2, 'Globex can do industry tender 14.'),
  (40, 40, 1, 'Acme can do industry tender 15.'),
  (41, 41, 2, 'Globex can do industry tender 16.'),
  (42, 42, 1, 'Acme can do industry tender 17.'),
  (43, 43, 2, 'Globex can do industry tender 18.'),
  (44, 44, 1, 'Acme can do industry tender 19.'),
  (45, 45, 2, 'Globex can do industry tender 20.'),
  (46, 46, 1, 'Acme can do industry tender 21.'),
  (47, 47, 2, 'Globex can do industry tender 22.'),
  (48, 48, 1, 'Acme can do industry tender 23.'),
  (49, 49, 2, 'Globex can do industry tender 24.'),
  (50, 50, 1, 'Acme can do industry tender 25.'),
  (51, 51, 52, 'Delta Foods can provide catering.'),
  (52, 52, 53, 'Omega Health can supply medical staff.'),
  (53, 53, 54, 'Alpha Retail can market the app.'),
  (54, 54, 55, 'Beta Energy can power new stores.'),
  (55, 55, 56, 'Gamma Logistics can deliver panels.'),
  (56, 56, 57, 'Theta Media can promote logistics.'),
  (57, 57, 58, 'Zeta Finance can fund the campaign.'),
  (58, 58, 59, 'Eta Design can design audit reports.'),
  (59, 59, 60, 'Kappa Consulting can manage rebranding.'),
  (60, 60, 51, 'Sigma Tech can consult for growth.'),
  (61, 61, 52, 'Delta Foods can cater migration event.'),
  (62, 62, 53, 'Omega Health can provide healthy meals.'),
  (63, 63, 54, 'Alpha Retail can sell equipment.'),
  (64, 64, 55, 'Beta Energy can power online store.'),
  (65, 65, 56, 'Gamma Logistics can deliver turbines.'),
  (66, 66, 57, 'Theta Media can promote expansion.'),
  (67, 67, 58, 'Zeta Finance can invest in content.'),
  (68, 68, 59, 'Eta Design can design platform.'),
  (69, 69, 60, 'Kappa Consulting can research UX.'),
  (70, 70, 51, 'Sigma Tech can analyze market.');

-- Reset sequences to max id after seeding
SELECT setval('users_id_seq', (SELECT MAX(id) FROM users));
SELECT setval('companies_id_seq', (SELECT MAX(id) FROM companies));
SELECT setval('goods_and_services_id_seq', (SELECT MAX(id) FROM goods_and_services));
SELECT setval('tenders_id_seq', (SELECT MAX(id) FROM tenders));
SELECT setval('applications_id_seq', (SELECT MAX(id) FROM applications)); 